id,pairId,group,value,unit
pair-01-a,pair-01,A,69,points
pair-01-b,pair-01,B,70,points
pair-02-a,pair-02,A,53,points
pair-02-b,pair-02,B,58,points
pair-03-a,pair-03,A,44,points
pair-03-b,pair-03,B,47,points
pair-04-a,pair-04,A,21,points
pair-04-b,pair-04,B,22,points
pair-05-a,pair-05,A,43,points
pair-05-b,pair-05,B,45,points
pair-06-a,pair-06,A,69,points
pair-06-b,pair-06,B,71,points
pair-07-a,pair-07,A,34,points
pair-07-b,pair-07,B,36,points
pair-08-a,pair-08,A,43,points
pair-08-b,pair-08,B,45,points
pair-09-a,pair-09,A,72,points
pair-09-b,pair-09,B,76,points
pair-10-a,pair-10,A,68,points
pair-10-b,pair-10,B,70,points
pair-11-a,pair-11,A,49,points
pair-11-b,pair-11,B,54,points
pair-12-a,pair-12,A,61,points
pair-12-b,pair-12,B,66,points
pair-13-a,pair-13,A,16,points
pair-13-b,pair-13,B,21,points
pair-14-a,pair-14,A,22,points
pair-14-b,pair-14,B,25,points
pair-15-a,pair-15,A,44,points
pair-15-b,pair-15,B,49,points
pair-16-a,pair-16,A,26,points
pair-16-b,pair-16,B,30,points
pair-17-a,pair-17,A,44,points
pair-17-b,pair-17,B,45,points
pair-18-a,pair-18,A,41,points
pair-18-b,pair-18,B,44,points
pair-19-a,pair-19,A,49,points
pair-19-b,pair-19,B,53,points
pair-20-a,pair-20,A,26,points
pair-20-b,pair-20,B,29,points
pair-21-a,pair-21,A,54,points
pair-21-b,pair-21,B,59,points
pair-22-a,pair-22,A,64,points
pair-22-b,pair-22,B,65,points
pair-23-a,pair-23,A,53,points
pair-23-b,pair-23,B,56,points
pair-24-a,pair-24,A,56,points
pair-24-b,pair-24,B,58,points
